{
  "books":[
    {
        "id": 1,
        "sid":1,
        "classid":1,
        "language":1,
        "category":3,
        "isbn": "c8fabf68-8374-48fe-a7ea-a00ccd07afff",
        "title": "Henri Potier at the school of sorcerers",
        "price": 35,
        "cover": "http://henri-potier.xebia.fr/hp0.jpg",
        "synopsis": [
          "After the death of his parents (Lily and James Potter), Henry is collected by his aunt Petunia (Lily's sister) and his uncle Vernon at the age of one year.The latter, always animated by a hatred fierce towards the boy's parents whom they describe as weird people, even monsters, coldly treat their nephew and remain indifferent to the humiliation of their son Dudley.Hen knows nothing about the history of his parents, except that they were killed in a car accident "]
      },
      {
        "id": 2,
        "sid":1,
        "classid":1,
        "language":1,
        "category":3,
        "isbn": "a460afed-e5e7-4e39-a39d-c885c05db861",
        "title": "Henri Potier and the Chamber of Secrets",
        "price": 30,
        "cover": "http://henri-potier.xebia.fr/hp1.jpg",
        "synopsis": [
            "After the death of his parents (Lily and James Potter), Henry is collected by his aunt Petunia (Lily's sister) and his uncle Vernon at the age of one year.The latter, always animated by a hatred fierce towards the boy's parents whom they describe as weird people, even monsters, coldly treat their nephew and remain indifferent to the humiliation of their son Dudley.Hen knows nothing about the history of his parents, except that they were killed in a car accident "]
      },
      {
        "id": 3,
        "sid":1,
        "classid":1,
        "language":1,
        "category":3,
        "isbn": "fcd1e6fa-a63f-4f75-9da4-b560020b6acc",
        "title": "Henri Potier and the Prisoner of Azkaban",
        "price": 30,
        "cover": "http://henri-potier.xebia.fr/hp2.jpg",
        "synopsis": [
            "After the death of his parents (Lily and James Potter), Henry is collected by his aunt Petunia (Lily's sister) and his uncle Vernon at the age of one year.The latter, always animated by a hatred fierce towards the boy's parents whom they describe as weird people, even monsters, coldly treat their nephew and remain indifferent to the humiliation of their son Dudley.Hen knows nothing about the history of his parents, except that they were killed in a car accident "]
      },
      {
        "id": 4,
        "sid":1,
        "classid":1,
        "language":2,
        "category":1,
        "isbn": "c30968db-cb1d-442e-ad0f-80e37c077f89",
        "title": "Henri Potier and the Cup of Fire",
        "price": 29,
        "cover": "http://henri-potier.xebia.fr/hp3.jpg",
        "synopsis": [
            "After the death of his parents (Lily and James Potter), Henry is collected by his aunt Petunia (Lily's sister) and his uncle Vernon at the age of one year.The latter, always animated by a hatred fierce towards the boy's parents whom they describe as weird people, even monsters, coldly treat their nephew and remain indifferent to the humiliation of their son Dudley.Hen knows nothing about the history of his parents, except that they were killed in a car accident "]
      },
      {
        "id": 5,
        "sid":1,
        "classid":1,
        "language":2,
        "category":1,
        "isbn": "78ee5f25-b84f-45f7-bf33-6c7b30f1b502",
        "title": "Henri Potier and the Order of the Phoenix",
        "price": 28,
        "cover": "http://henri-potier.xebia.fr/hp4.jpg",
        "synopsis": [
            "After the death of his parents (Lily and James Potter), Henry is collected by his aunt Petunia (Lily's sister) and his uncle Vernon at the age of one year.The latter, always animated by a hatred fierce towards the boy's parents whom they describe as weird people, even monsters, coldly treat their nephew and remain indifferent to the humiliation of their son Dudley.Hen knows nothing about the history of his parents, except that they were killed in a car accident "]
      },
      {
        "id": 6,
        "sid":1,
        "classid":1,
        "language":2,
        "category":1,
        "isbn": "cef179f2-7cbc-41d6-94ca-ecd23d9f7fd6",
        "title": "Henri Potier and the Half-Blood Prince",
        "price": 30,
        "cover": "http://henri-potier.xebia.fr/hp5.jpg",
        "synopsis": [
            "After the death of his parents (Lily and James Potter), Henry is collected by his aunt Petunia (Lily's sister) and his uncle Vernon at the age of one year.The latter, always animated by a hatred fierce towards the boy's parents whom they describe as weird people, even monsters, coldly treat their nephew and remain indifferent to the humiliation of their son Dudley.Hen knows nothing about the history of his parents, except that they were killed in a car accident "]
      },
      {
        "id": 7,
        "sid":1,
        "classid":1,
        "language":2,
        "category":2,
        "isbn": "bbcee412-be64-4a0c-bf1e-315977acd924",
        "title": "Henri Potier and the Deathly Hallows",
        "price": 35,
        "cover": "http://henri-potier.xebia.fr/hp6.jpg",
        "synopsis": [
            "After the death of his parents (Lily and James Potter), Henry is collected by his aunt Petunia (Lily's sister) and his uncle Vernon at the age of one year.The latter, always animated by a hatred fierce towards the boy's parents whom they describe as weird people, even monsters, coldly treat their nephew and remain indifferent to the humiliation of their son Dudley.Hen knows nothing about the history of his parents, except that they were killed in a car accident "]
      }
  ],
  
    "boards":[
        {
        "id": 1,
        "name": "Board 1"
        },
        {
            "id": 2,
            "name": "Board 2"
        },
        {
            "id": 3,
            "name": "Board 3"
        }
    ],
    "states":[
        {
        "id":1,
        "name":"TS"
        },
        {
        "id":2,
        "name":"AP"
        },
        {
        "id":3,
        "name":"Delhi"
        }
    ],
    "cities":[
        {
        "id": 1,
        "sid":1,
        "name": "Hyderabad"
        },
        {
        "id": 2,
        "sid":1,
        "name": "Sec-bad"
        },
        {
        "id": 3,
        "sid":2,
        "name": "Amaravathi"
        },
        {
        "id": 4,
        "sid":3,
        "name": "Delhi"
        }
    ],
    "schools":[
        {
        "id": 1,
        "bid":1,
        "sid":1,    
        "cid":1,    
        "sname": "School 1"
        },
        {
            "id": 2,
            "bid":1,
            "sid":1,    
            "cid":1,    
            "sname": "School 4"
            },
            {
                "id": 3,
                "bid":1,
                "sid":1,    
                "cid":1,    
                "sname": "School 5"
                },

        {
        "id": 2,
        "bid":1,
        "sid":1,    
        "cid":2,    
        "sname": "School 2"
        },
        {
        "id": 3,
        "bid":2,
        "sid":1,    
        "cid":1,    
        "sname": "School 3"
        }
    ],
    "schooldetails":[
        {
            "id": 1,
            "bid":1,
            "sid":1,    
            "cid":1,    
            "sname": "School 1",
            "logo":"school1_logo",
            "desc":"lorem ipsum is simply...."
            },
            {
                "id": 2,
                "bid":1,
                "sid":2,    
                "cid":1,    
                "sname": "School 4",
                "logo":"school4_logo",
                "desc":"lorem ipsum is simply...."
                },
                {
                    "id": 3,
                    "bid":1,
                    "sid":3,    
                    "cid":1,    
                    "sname": "School 5",
                    "logo":"school5_logo",
                    "desc":"lorem ipsum is simply...."
                    }
    ],
    "classes":[
        {
        "id": 1,
        "sid":1,
        "name":"Class - 1"
        },
        {
        "id": 2,
        "sid":1,
        "name":"Class - 2"
        },
        {
        "id": 3,
        "sid":1,
        "name":"Class - 3"
        },
        {
        "id": 4,
        "sid":2,
        "name":"Class - 3"
        },
        {
        "id": 5,
        "sid":2,
        "name":"Class - 4"
        }
    ],
    "classbooks":[
        {
        "id": 1,
        "sid":1,
        "classid":1,
        "bookname": "ABC",
        "bookimage":"abcd.png",
        "bookprice":"100.00",
        "publishername":"kits",
        "language":1,
        "category":3
        },
        {
        "id": 2,
        "sid":1,
        "classid":1,
        "bookname": "EFGH",
        "bookimage":"abcd.png",
        "bookprice":"200.00",
        "publishername":"Oxford",
        "language":1,
        "category":3
        },
        {
        "id": 3,
        "sid":1,
        "classid":1,
        "bookname": "EFGHGGGG",
        "bookimage":"abcd.png",
        "bookprice":"500.00",
        "publishername":"Oxford",
        "language":2,
        "category":3
        },
        {
            "id": 4,
            "sid":1,
            "classid":1,
            "bookname": "EFGHGGGG",
            "bookimage":"abcd.png",
            "bookprice":"500.00",
            "publishername":"Oxford",
            "language":2,
            "category":1
            },
            {
                "id": 5,
                "sid":1,
                "classid":1,
                "bookname": "EFGHGGGG",
                "bookimage":"abcd.png",
                "bookprice":"500.00",
                "publishername":"Oxford",
                "language":2,
                "category":1
                },
                {
                    "id": 6,
                    "sid":1,
                    "classid":1,
                    "bookname": "EFGHGGGG",
                    "bookimage":"abcd.png",
                    "bookprice":"500.00",
                    "publishername":"Oxford",
                    "language":2,
                    "category":1
                    },
                    {
                    "id": 7,
                    "sid":1,
                    "classid":1,
                    "bookname": "EFGHGGGG",
                    "bookimage":"abcd.png",
                    "bookprice":"500.00",
                    "publishername":"Oxford",
                    "language":2,
                    "category":2
                    },
                    {
                    "id": 8,
                    "sid":1,
                    "classid":1,
                    "bookname": "EFGHGGGG",
                    "bookimage":"abcd.png",
                    "bookprice":"500.00",
                    "publishername":"Oxford",
                    "language":2,
                    "category":4
                    },
                    {
                    "id": 9,
                    "sid":1,
                    "classid":1,
                    "bookname": "EFGHGGGG",
                    "bookimage":"abcd.png",
                    "bookprice":"500.00",
                    "publishername":"Oxford",
                    "language":2,
                    "category":4
                    },
                    {
                    "id": 10,
                    "sid":1,
                    "classid":1,
                    "bookname": "EFGHGGGG",
                    "bookimage":"abcd.png",
                    "bookprice":"500.00",
                    "publishername":"Oxford",
                    "language":2,
                    "category":5
                    }                           

    ],
    "languages":[
        {
            "id": 1,
            "sid":1,
            "classid":1,
            "languagename": "English"
        },
        {
            "id": 2,
            "sid":1,
            "classid":1,
            "languagename": "Telugu"
        },
        {
            "id": 3,
            "sid":1,
            "classid":1,
            "languagename": "Hindi"
        },
        {
            "id": 4,
            "sid":1,
            "classid":1,
            "languagename": "Sanskrit"
        }      

    ],
    "categories":[
        {
            "id": 1,            
            "categoryname": "General"
        },
        {
            "id": 2,            
            "categoryname": "Reference"
        },
        {
            "id": 3,            
            "categoryname": "Academic"
        },
        {
            "id": 4,            
            "categoryname": "Children"
        },
        {
            "id": 5,            
            "categoryname": "Competitive"
        }
    ]


  }