{
    "campaignsdetailsdata":[
        {
            "campaignid":"1",
            "segment":"Registered",
            "type":"Intial",
            "groupcode":"Group-1",
            "rate":"",
            "amount":"37500.00"
        },
        {
            "campaignid":"2",
            "segment":"Registered",
            "type":"Intial",
            "groupcode":"Group-2",
            "rate":"",
            "amount":"37500.00"
        },
        {
            "campaignid":"3",
            "segment":"Registered",
            "type":"Intial",
            "groupcode":"Group-3",
            "rate":"",
            "amount":"37500.00"
        },
        {
            "campaignid":"4",
            "segment":"401K",
            "type":"Intial",
            "groupcode":"Group-4",
            "rate":"",
            "amount":"37500.00"
        }
       
    ]
}