{
    "campaignsreconfiguredata":[
        {
            "campaignid":"1",
            "jobnumber":"P12348",
            "cusip":"MC0760",
            "companyname":"RDEF POWERSHARES FUND",
            "segment":"401k",
            "type":"Remainder",
            "groupcode":"Group-1",
            "jobstatus":"BL",  
            "maildate":" 12/31/2018",
            "meetingdate":"01/10/2018",
            "recorddate":"01/10/2018" 
        },
        {
            "campaignid":"2",
            "jobnumber":"P12348",
            "cusip":"MC0760",
            "companyname":"RDEF POWERSHARES FUND",
            "segment":"401k",
            "type":"Remainder",
            "groupcode":"Group-1",
            "jobstatus":"BL",  
            "maildate":" 12/31/2018",
            "meetingdate":"01/10/2018",
            "recorddate":"01/10/2018" 
        },
        {
            "campaignid":"3",
            "jobnumber":"P12348",
            "cusip":"MC0760",
            "companyname":"RDEF POWERSHARES FUND",
            "segment":"401k",
            "type":"Remainder",
            "groupcode":"Group-1",
            "jobstatus":"BL",  
            "maildate":" 12/31/2018",
            "meetingdate":"01/10/2018",
            "recorddate":"01/10/2018" 
        },
        {
            "campaignid":"4",
            "jobnumber":"P12348",
            "cusip":"MC0760",
            "companyname":"RDEF POWERSHARES FUND",
            "segment":"401k",
            "type":"Remainder",
            "groupcode":"Group-1",
            "jobstatus":"BL",  
            "maildate":" 12/31/2018",
            "meetingdate":"01/10/2018",
            "recorddate":"01/10/2018" 
        },
        {
            "campaignid":"5",
            "jobnumber":"P12348",
            "cusip":"MC0760",
            "companyname":"RDEF POWERSHARES FUND",
            "segment":"401k",
            "type":"Remainder",
            "groupcode":"Group-1",
            "jobstatus":"BL",  
            "maildate":" 12/31/2018",
            "meetingdate":"01/10/2018",
            "recorddate":"01/10/2018" 
        }
       
    ]
}