{
    "campaignsnesteddata":[
        {
            "campaignid":"1",
            "segment":"Registered",
            "type":"Intial",
            "groupcode":"Group-1",
            "jobnumber":"P12349",
            "quantity":"10000",
            "rate":"0.15",
            "amount":"37500.00",
            "itemname":"Proxy Card"
        },
        {
            "campaignid":"1",
            "segment":"401K",
            "type":"Intial",
            "groupcode":"Group-1",
            "jobnumber":"P12349",
            "quantity":"10000",
            "rate":"0.15",
            "amount":"37500.00",
            "itemname":"USA-427-ENV-Mailing"
        }
       
       
    ]
}