[
  {
    "img":"assets/img/post1-img.jpg",
    "title":"Lorem ipsum dolor sit amet.",
    "date":"16/08/2018",
    "txt":"Phasellus vel odio quis ex convallis faucibus vitae in augue. Donec id nibh sed enim tincidunt elementum."
  },
  {
    "img":"assets/img/post2-img.jpg",
    "title":"Etiam tortor eros, finibus quis.",
    "date":"10/08/2018",
    "txt":"Maecenas varius efficitur eros. Etiam tortor eros, finibus quis erat id, mattis ornare tellus. Ut gravida tristique semper."
  },
  {
    "img":"http://www.unelma-arpa.fi/wp-content/uploads/2015/02/gift-2.jpg",
    "title":"Etiam tortor eros, finibus quis.",
    "date":"25/07/2018",
    "txt":"Maecenas varius efficitur eros. Etiam tortor eros, finibus quis erat id, mattis ornare tellus. Ut gravida tristique semper. Integer mattis justo sed consequat vehicula."
  }
]