{
   "boards":[
        {
        "id": 1,
        "name": "Board 1"
        },
        {
            "id": 2,
            "name": "Board 2"
        },
        {
            "id": 3,
            "name": "Board 3"
        }
    ],
    "states":[
        {
        "id":1,
        "name":"TS"
        },
        {
        "id":2,
        "name":"AP"
        },
        {
        "id":3,
        "name":"Delhi"
        }
    ],
    "cities":[
        {
        "id": 1,
        "sid":1,
        "name": "Hyderabad"
        },
        {
        "id": 2,
        "sid":1,
        "name": "Sec-bad"
        },
        {
        "id": 3,
        "sid":2,
        "name": "Amaravathi"
        },
        {
        "id": 4,
        "sid":3,
        "name": "Delhi"
        }
    ],
    "schools":[
        {
        "id": 1,
        "bid":1,
        "sid":1,    
        "cid":1,    
        "sname": "School 1"
        },
        {
            "id": 2,
            "bid":1,
            "sid":1,    
            "cid":1,    
            "sname": "School 4"
            },
            {
                "id": 3,
                "bid":1,
                "sid":1,    
                "cid":1,    
                "sname": "School 5"
                },

        {
        "id": 2,
        "bid":1,
        "sid":1,    
        "cid":2,    
        "sname": "School 2"
        },
        {
        "id": 3,
        "bid":2,
        "sid":1,    
        "cid":1,    
        "sname": "School 3"
        }
    ],
    "schooldetails":[
        {
            "id": 1,
            "bid":1,
            "sid":1,    
            "cid":1,    
            "sname": "School 1",
            "logo":"school1_logo",
            "desc":"lorem ipsum is simply...."
            },
            {
                "id": 2,
                "bid":1,
                "sid":2,    
                "cid":1,    
                "sname": "School 4",
                "logo":"school4_logo",
                "desc":"lorem ipsum is simply...."
                },
                {
                    "id": 3,
                    "bid":1,
                    "sid":3,    
                    "cid":1,    
                    "sname": "School 5",
                    "logo":"school5_logo",
                    "desc":"lorem ipsum is simply...."
                    }
    ],
    "classes":[
        {
        "id": 1,
        "sid":1,
        "name":"Class - 1"
        },
        {
        "id": 2,
        "sid":1,
        "name":"Class - 2"
        },
        {
        "id": 3,
        "sid":1,
        "name":"Class - 3"
        },
        {
        "id": 4,
        "sid":2,
        "name":"Class - 3"
        },
        {
        "id": 5,
        "sid":2,
        "name":"Class - 4"
        }
    ],
    "classbooks":[
        {
        "id": 1,
        "sid":1,
        "classid":1,
        "bookname": "ABC",
        "bookimage":"abcd.png",
        "bookprice":"100.00",
        "publishername":"kits",
        "language":1,
        "category":3
        },
        {
        "id": 2,
        "sid":1,
        "classid":1,
        "bookname": "EFGH",
        "bookimage":"abcd.png",
        "bookprice":"200.00",
        "publishername":"Oxford",
        "language":1,
        "category":3
        },
        {
        "id": 3,
        "sid":1,
        "classid":1,
        "bookname": "EFGHGGGG",
        "bookimage":"abcd.png",
        "bookprice":"500.00",
        "publishername":"Oxford",
        "language":2,
        "category":3
        },
        {
            "id": 4,
            "sid":1,
            "classid":1,
            "bookname": "EFGHGGGG",
            "bookimage":"abcd.png",
            "bookprice":"500.00",
            "publishername":"Oxford",
            "language":2,
            "category":1
            },
            {
                "id": 5,
                "sid":1,
                "classid":1,
                "bookname": "EFGHGGGG",
                "bookimage":"abcd.png",
                "bookprice":"500.00",
                "publishername":"Oxford",
                "language":2,
                "category":1
                },
                {
                    "id": 6,
                    "sid":1,
                    "classid":1,
                    "bookname": "EFGHGGGG",
                    "bookimage":"abcd.png",
                    "bookprice":"500.00",
                    "publishername":"Oxford",
                    "language":2,
                    "category":1
                    },
                    {
                    "id": 7,
                    "sid":1,
                    "classid":1,
                    "bookname": "EFGHGGGG",
                    "bookimage":"abcd.png",
                    "bookprice":"500.00",
                    "publishername":"Oxford",
                    "language":2,
                    "category":2
                    },
                    {
                    "id": 8,
                    "sid":1,
                    "classid":1,
                    "bookname": "EFGHGGGG",
                    "bookimage":"abcd.png",
                    "bookprice":"500.00",
                    "publishername":"Oxford",
                    "language":2,
                    "category":4
                    },
                    {
                    "id": 9,
                    "sid":1,
                    "classid":1,
                    "bookname": "EFGHGGGG",
                    "bookimage":"abcd.png",
                    "bookprice":"500.00",
                    "publishername":"Oxford",
                    "language":2,
                    "category":4
                    },
                    {
                    "id": 10,
                    "sid":1,
                    "classid":1,
                    "bookname": "EFGHGGGG",
                    "bookimage":"abcd.png",
                    "bookprice":"500.00",
                    "publishername":"Oxford",
                    "language":2,
                    "category":5
                    }                           

    ],
    "languages":[
        {
            "id": 1,
            "sid":1,
            "classid":1,
            "languagename": "English"
        },
        {
            "id": 2,
            "sid":1,
            "classid":1,
            "languagename": "Telugu"
        },
        {
            "id": 3,
            "sid":1,
            "classid":1,
            "languagename": "Hindi"
        },
        {
            "id": 4,
            "sid":1,
            "classid":1,
            "languagename": "Sanskrit"
        },
        {
            "id": 5,
            "sid":1,
            "classid":2,
            "languagename": "Sanskrit"
        }

    ],
    "categories":[
        {
            "id": 1,            
            "categoryname": "General"
        },
        {
            "id": 2,            
            "categoryname": "Reference"
        },
        {
            "id": 3,            
            "categoryname": "Academic"
        },
        {
            "id": 4,            
            "categoryname": "Children"
        },
        {
            "id": 5,            
            "categoryname": "Competitive"
        }
    ]


  }